Tag,Count
Living,6243
Social Commentaries,4302
Relationships,3856
Nature,3613
Arts & Sciences,3039
Love,2126
Activities,2107
Death,1547
Religion,1483
Time & Brevity,1468
History & Politics,1456
Family & Ancestors,1345
The Body,1336
Life Choices,1190
Poetry & Poets,1077
War & Conflict,1053
Animals,1036
The Mind,959
Philosophy,912
Sorrow & Grieving,842
Landscapes & Pastorals,834
Travels & Journeys,815
Men & Women,749
Desire,735
Race & Ethnicity,714
Mythology & Folklore,690
Realistic & Complicated,665
Cities & Urban Life,648
Trees & Flowers,628
Home Life,596
Gender & Sexuality,572
Seas Rivers & Streams,568
Disappointment & Failure,520
Language & Linguistics,506
Parenthood,503
Jobs & Working,490
Romantic Love,486
Growing Old,474
Christianity,454
God & the Divine,446
Friends & Enemies,443
Humor & Satire,423
Health & Illness,404
Reading & Books,404
The Spiritual,385
Music,378
Marriage & Companionship,377
Eating & Drinking,377
Money & Economics,376
Coming of Age,362
Faith & Doubt,357
Class,356
Heartache & Loss,346
Popular Culture,345
Infatuation & Crushes,317
Weather,306
Heroes & Patriotism,301
Crime & Punishment,273
Break-ups & Vexed Love,271
Winter,268
Pets,268
Stars Planets & Heavens,265
Painting & Sculpture,259
School & Learning,245
Sports & Outdoor Activities,239
Greek & Roman Mythology,200
Summer,185
Unrequited Love,162
Youth,156
Separation & Divorce,148
Sciences,144
Spring,140
Fall,138
Ghosts & the Supernatural,127
Fairy-tales & Legends,127
Classic Love,123
Town & Country Life,123
Midlife,123
Gay Lesbian & Queer,122
Photography & Film,114
Valentine's Day,108
Theater & Dance,100
Judaism,97
Indoor Activities,94
Gardening,92
Funerals,85
Architecture & Design,85
Horror,74
Infancy,65
Other Religions,57
Anniversary,57
First Love,51
Farewells & Good Luck,50
Father's Day,43
Weddings,39
Christmas,38
Memorial Day,36
Independence Day,32
Islam,32
New Year,26
Engagement,24
Halloween,23
Buddhism,21
Mother's Day,20
Birthdays,20
Graduation,19
Birth & Birthdays,19
Thanksgiving,18
St. Patrick's Day,17
Birth,16
Gratitude & Apologies,15
Kwanzaa,14
Labor Day,13
Toasts & Celebrations,13
Get Well & Recovery,12
Easter,11
September 11th,8
Passover,8
Yom Kippur,8
Rosh Hashanah,5
Hanukkah,5
Ramadan,3
Cinco de Mayo,1
